object_location,image_small,image_thumb
/objects/demo_005.txt,,
/objects/demo_012.md,,
/objects/example0001.jpg,/objects/small/example0001_sm.jpg,/objects/thumbs/example0001_th.jpg
/objects/example0002.jpg,/objects/small/example0002_sm.jpg,/objects/thumbs/example0002_th.jpg
/objects/example0003.jpg,/objects/small/example0003_sm.jpg,/objects/thumbs/example0003_th.jpg
/objects/example0004.jpg,/objects/small/example0004_sm.jpg,/objects/thumbs/example0004_th.jpg
/objects/example0005.jpg,/objects/small/example0005_sm.jpg,/objects/thumbs/example0005_th.jpg
/objects/example0006.jpg,/objects/small/example0006_sm.jpg,/objects/thumbs/example0006_th.jpg
/objects/example0007.jpg,/objects/small/example0007_sm.jpg,/objects/thumbs/example0007_th.jpg
/objects/example0008.jpg,/objects/small/example0008_sm.jpg,/objects/thumbs/example0008_th.jpg
/objects/example0009.jpg,/objects/small/example0009_sm.jpg,/objects/thumbs/example0009_th.jpg
/objects/example0010.jpg,/objects/small/example0010_sm.jpg,/objects/thumbs/example0010_th.jpg
/objects/example0011.jpg,/objects/small/example0011_sm.jpg,/objects/thumbs/example0011_th.jpg
/objects/example0012.jpg,/objects/small/example0012_sm.jpg,/objects/thumbs/example0012_th.jpg
/objects/example0013.jpg,/objects/small/example0013_sm.jpg,/objects/thumbs/example0013_th.jpg
/objects/example0014.jpg,/objects/small/example0014_sm.jpg,/objects/thumbs/example0014_th.jpg
/objects/example0015.jpg,/objects/small/example0015_sm.jpg,/objects/thumbs/example0015_th.jpg
/objects/example0016.jpg,/objects/small/example0016_sm.jpg,/objects/thumbs/example0016_th.jpg
/objects/example0017.jpg,/objects/small/example0017_sm.jpg,/objects/thumbs/example0017_th.jpg
/objects/example0018.jpg,/objects/small/example0018_sm.jpg,/objects/thumbs/example0018_th.jpg
/objects/example0019.jpg,/objects/small/example0019_sm.jpg,/objects/thumbs/example0019_th.jpg
/objects/example0020.jpg,/objects/small/example0020_sm.jpg,/objects/thumbs/example0020_th.jpg
/objects/example0021.jpg,/objects/small/example0021_sm.jpg,/objects/thumbs/example0021_th.jpg
/objects/example0022.jpg,/objects/small/example0022_sm.jpg,/objects/thumbs/example0022_th.jpg
/objects/example0023.jpg,/objects/small/example0023_sm.jpg,/objects/thumbs/example0023_th.jpg
/objects/example0024.jpg,/objects/small/example0024_sm.jpg,/objects/thumbs/example0024_th.jpg
/objects/example0025.jpg,/objects/small/example0025_sm.jpg,/objects/thumbs/example0025_th.jpg
/objects/example0026.jpg,/objects/small/example0026_sm.jpg,/objects/thumbs/example0026_th.jpg
/objects/example0027.jpg,/objects/small/example0027_sm.jpg,/objects/thumbs/example0027_th.jpg
/objects/example0028.jpg,/objects/small/example0028_sm.jpg,/objects/thumbs/example0028_th.jpg
/objects/example0029.jpg,/objects/small/example0029_sm.jpg,/objects/thumbs/example0029_th.jpg
/objects/example0030.jpg,/objects/small/example0030_sm.jpg,/objects/thumbs/example0030_th.jpg
/objects/example0031.jpg,/objects/small/example0031_sm.jpg,/objects/thumbs/example0031_th.jpg
/objects/example0032.jpg,/objects/small/example0032_sm.jpg,/objects/thumbs/example0032_th.jpg
/objects/example0033.jpg,/objects/small/example0033_sm.jpg,/objects/thumbs/example0033_th.jpg
/objects/example0034.jpg,/objects/small/example0034_sm.jpg,/objects/thumbs/example0034_th.jpg
/objects/example0035.jpg,/objects/small/example0035_sm.jpg,/objects/thumbs/example0035_th.jpg
/objects/example0036.jpg,/objects/small/example0036_sm.jpg,/objects/thumbs/example0036_th.jpg
/objects/example0037.jpg,/objects/small/example0037_sm.jpg,/objects/thumbs/example0037_th.jpg
/objects/example0038.jpg,/objects/small/example0038_sm.jpg,/objects/thumbs/example0038_th.jpg
/objects/example0039.jpg,/objects/small/example0039_sm.jpg,/objects/thumbs/example0039_th.jpg
/objects/example0040.jpg,/objects/small/example0040_sm.jpg,/objects/thumbs/example0040_th.jpg
/objects/example0041.jpg,/objects/small/example0041_sm.jpg,/objects/thumbs/example0041_th.jpg
/objects/example0042.jpg,/objects/small/example0042_sm.jpg,/objects/thumbs/example0042_th.jpg
/objects/example0043.jpg,/objects/small/example0043_sm.jpg,/objects/thumbs/example0043_th.jpg
/objects/example0044.jpg,/objects/small/example0044_sm.jpg,/objects/thumbs/example0044_th.jpg
/objects/example0045.jpg,/objects/small/example0045_sm.jpg,/objects/thumbs/example0045_th.jpg
/objects/example0046.jpg,/objects/small/example0046_sm.jpg,/objects/thumbs/example0046_th.jpg
/objects/example0047.jpg,/objects/small/example0047_sm.jpg,/objects/thumbs/example0047_th.jpg
/objects/example0048.jpg,/objects/small/example0048_sm.jpg,/objects/thumbs/example0048_th.jpg
/objects/example0049.jpg,/objects/small/example0049_sm.jpg,/objects/thumbs/example0049_th.jpg
/objects/example0050.jpg,/objects/small/example0050_sm.jpg,/objects/thumbs/example0050_th.jpg
/objects/example0051.jpg,/objects/small/example0051_sm.jpg,/objects/thumbs/example0051_th.jpg
/objects/example0052.jpg,/objects/small/example0052_sm.jpg,/objects/thumbs/example0052_th.jpg
/objects/example0053.jpg,/objects/small/example0053_sm.jpg,/objects/thumbs/example0053_th.jpg
/objects/example0054.jpg,/objects/small/example0054_sm.jpg,/objects/thumbs/example0054_th.jpg
/objects/example0055.jpg,/objects/small/example0055_sm.jpg,/objects/thumbs/example0055_th.jpg
/objects/example0056.jpg,/objects/small/example0056_sm.jpg,/objects/thumbs/example0056_th.jpg
/objects/example0057.jpg,/objects/small/example0057_sm.jpg,/objects/thumbs/example0057_th.jpg
/objects/example0058.jpg,/objects/small/example0058_sm.jpg,/objects/thumbs/example0058_th.jpg
/objects/example0059.jpg,/objects/small/example0059_sm.jpg,/objects/thumbs/example0059_th.jpg
/objects/example0060.jpg,/objects/small/example0060_sm.jpg,/objects/thumbs/example0060_th.jpg
/objects/example0061.jpg,/objects/small/example0061_sm.jpg,/objects/thumbs/example0061_th.jpg
/objects/example0062.jpg,/objects/small/example0062_sm.jpg,/objects/thumbs/example0062_th.jpg
/objects/example0063.jpg,/objects/small/example0063_sm.jpg,/objects/thumbs/example0063_th.jpg
/objects/example0064.jpg,/objects/small/example0064_sm.jpg,/objects/thumbs/example0064_th.jpg
/objects/example0065.jpg,/objects/small/example0065_sm.jpg,/objects/thumbs/example0065_th.jpg
/objects/example0066.jpg,/objects/small/example0066_sm.jpg,/objects/thumbs/example0066_th.jpg
/objects/example0067.jpg,/objects/small/example0067_sm.jpg,/objects/thumbs/example0067_th.jpg
/objects/example0068.jpg,/objects/small/example0068_sm.jpg,/objects/thumbs/example0068_th.jpg
/objects/example0069.jpg,/objects/small/example0069_sm.jpg,/objects/thumbs/example0069_th.jpg
/objects/example0070.jpg,/objects/small/example0070_sm.jpg,/objects/thumbs/example0070_th.jpg
/objects/example0071.jpg,/objects/small/example0071_sm.jpg,/objects/thumbs/example0071_th.jpg
/objects/example0072.jpg,/objects/small/example0072_sm.jpg,/objects/thumbs/example0072_th.jpg
/objects/example0073.jpg,/objects/small/example0073_sm.jpg,/objects/thumbs/example0073_th.jpg
/objects/example0074.jpg,/objects/small/example0074_sm.jpg,/objects/thumbs/example0074_th.jpg
/objects/example0075.jpg,/objects/small/example0075_sm.jpg,/objects/thumbs/example0075_th.jpg
/objects/example0076.jpg,/objects/small/example0076_sm.jpg,/objects/thumbs/example0076_th.jpg
/objects/example0077.jpg,/objects/small/example0077_sm.jpg,/objects/thumbs/example0077_th.jpg
/objects/example0078.jpg,/objects/small/example0078_sm.jpg,/objects/thumbs/example0078_th.jpg
/objects/example0079.jpg,/objects/small/example0079_sm.jpg,/objects/thumbs/example0079_th.jpg
/objects/example0080.jpg,/objects/small/example0080_sm.jpg,/objects/thumbs/example0080_th.jpg
/objects/example0081.jpg,/objects/small/example0081_sm.jpg,/objects/thumbs/example0081_th.jpg
/objects/example0082.jpg,/objects/small/example0082_sm.jpg,/objects/thumbs/example0082_th.jpg
/objects/example0083.jpg,/objects/small/example0083_sm.jpg,/objects/thumbs/example0083_th.jpg
/objects/example0084.jpg,/objects/small/example0084_sm.jpg,/objects/thumbs/example0084_th.jpg
/objects/example0085.jpg,/objects/small/example0085_sm.jpg,/objects/thumbs/example0085_th.jpg
/objects/example0086.jpg,/objects/small/example0086_sm.jpg,/objects/thumbs/example0086_th.jpg
/objects/example0087.jpg,/objects/small/example0087_sm.jpg,/objects/thumbs/example0087_th.jpg
/objects/example0088.jpg,/objects/small/example0088_sm.jpg,/objects/thumbs/example0088_th.jpg
/objects/example0089.jpg,/objects/small/example0089_sm.jpg,/objects/thumbs/example0089_th.jpg
/objects/example0090.jpg,/objects/small/example0090_sm.jpg,/objects/thumbs/example0090_th.jpg
/objects/example0091.jpg,/objects/small/example0091_sm.jpg,/objects/thumbs/example0091_th.jpg
/objects/example0092.jpg,/objects/small/example0092_sm.jpg,/objects/thumbs/example0092_th.jpg
/objects/example0093.jpg,/objects/small/example0093_sm.jpg,/objects/thumbs/example0093_th.jpg
/objects/example0094.jpg,/objects/small/example0094_sm.jpg,/objects/thumbs/example0094_th.jpg
/objects/example0095.jpg,/objects/small/example0095_sm.jpg,/objects/thumbs/example0095_th.jpg
/objects/example0096.jpg,/objects/small/example0096_sm.jpg,/objects/thumbs/example0096_th.jpg
/objects/example0097.jpg,/objects/small/example0097_sm.jpg,/objects/thumbs/example0097_th.jpg
/objects/example0098.jpg,/objects/small/example0098_sm.jpg,/objects/thumbs/example0098_th.jpg
/objects/example0099.jpg,/objects/small/example0099_sm.jpg,/objects/thumbs/example0099_th.jpg
/objects/example0100.jpg,/objects/small/example0100_sm.jpg,/objects/thumbs/example0100_th.jpg
/objects/example0101.jpg,/objects/small/example0101_sm.jpg,/objects/thumbs/example0101_th.jpg
/objects/example0102.jpg,/objects/small/example0102_sm.jpg,/objects/thumbs/example0102_th.jpg
/objects/example0103.jpg,/objects/small/example0103_sm.jpg,/objects/thumbs/example0103_th.jpg
/objects/example0104.jpg,/objects/small/example0104_sm.jpg,/objects/thumbs/example0104_th.jpg
/objects/example0105.jpg,/objects/small/example0105_sm.jpg,/objects/thumbs/example0105_th.jpg
/objects/example0106.jpg,/objects/small/example0106_sm.jpg,/objects/thumbs/example0106_th.jpg
/objects/example0107.jpg,/objects/small/example0107_sm.jpg,/objects/thumbs/example0107_th.jpg
/objects/example0108.jpg,/objects/small/example0108_sm.jpg,/objects/thumbs/example0108_th.jpg
/objects/example0109.jpg,/objects/small/example0109_sm.jpg,/objects/thumbs/example0109_th.jpg
/objects/example0110.jpg,/objects/small/example0110_sm.jpg,/objects/thumbs/example0110_th.jpg
/objects/example0111.jpg,/objects/small/example0111_sm.jpg,/objects/thumbs/example0111_th.jpg
/objects/example0112.jpg,/objects/small/example0112_sm.jpg,/objects/thumbs/example0112_th.jpg
/objects/example0113.jpg,/objects/small/example0113_sm.jpg,/objects/thumbs/example0113_th.jpg
/objects/example0114.jpg,/objects/small/example0114_sm.jpg,/objects/thumbs/example0114_th.jpg
/objects/example0115.jpg,/objects/small/example0115_sm.jpg,/objects/thumbs/example0115_th.jpg
/objects/example0116.jpg,/objects/small/example0116_sm.jpg,/objects/thumbs/example0116_th.jpg
/objects/example0117.jpg,/objects/small/example0117_sm.jpg,/objects/thumbs/example0117_th.jpg
/objects/example0118.jpg,/objects/small/example0118_sm.jpg,/objects/thumbs/example0118_th.jpg
/objects/example0119.jpg,/objects/small/example0119_sm.jpg,/objects/thumbs/example0119_th.jpg
/objects/example0120.jpg,/objects/small/example0120_sm.jpg,/objects/thumbs/example0120_th.jpg
/objects/example0121.jpg,/objects/small/example0121_sm.jpg,/objects/thumbs/example0121_th.jpg
/objects/example0122.jpg,/objects/small/example0122_sm.jpg,/objects/thumbs/example0122_th.jpg
/objects/example0123.jpg,/objects/small/example0123_sm.jpg,/objects/thumbs/example0123_th.jpg
/objects/example0124.jpg,/objects/small/example0124_sm.jpg,/objects/thumbs/example0124_th.jpg
/objects/example0125.jpg,/objects/small/example0125_sm.jpg,/objects/thumbs/example0125_th.jpg
